forecast_generated_at,forecast_time,horizon_hours,predicted_aqi,forecast_temperature,forecast_humidity,forecast_precipitation,forecast_wind_speed,aqi_category
2026-10-05 13:00:00,2026-10-05 14:00:00,1,65.2990493774414,29.6,71.0,0.3,16.3,Moderate
2026-10-05 13:00:00,2026-10-05 15:00:00,2,65.94593811035156,29.3,74.0,0.1,16.2,Moderate
2026-10-05 13:00:00,2026-10-05 16:00:00,3,66.97080993652344,29.2,73.0,0.2,16.2,Moderate
2026-10-05 13:00:00,2026-10-05 17:00:00,4,68.03569030761719,28.9,74.0,0.1,15.4,Moderate
2026-10-05 13:00:00,2026-10-05 18:00:00,5,68.4347915649414,28.2,78.0,0.0,13.3,Moderate
2026-10-05 13:00:00,2026-10-05 19:00:00,6,69.28977966308594,28.0,81.0,0.0,10.4,Moderate
2026-10-05 13:00:00,2026-10-05 20:00:00,7,69.58389282226562,27.9,80.0,0.0,12.1,Moderate
2026-10-05 13:00:00,2026-10-05 21:00:00,8,70.0931396484375,27.6,82.0,0.0,11.1,Moderate
2026-10-05 13:00:00,2026-10-05 22:00:00,9,69.64581298828125,27.3,84.0,0.0,11.4,Moderate
2026-10-05 13:00:00,2026-10-05 23:00:00,10,70.64552307128906,27.1,85.0,0.0,11.3,Moderate
2026-10-05 13:00:00,2026-10-06 00:00:00,11,71.10578918457031,26.9,86.0,0.0,11.3,Moderate
2026-10-05 13:00:00,2026-10-06 01:00:00,12,70.33766174316406,26.8,87.0,0.0,9.8,Moderate
2026-10-05 13:00:00,2026-10-06 02:00:00,13,69.99842071533203,26.6,88.0,0.0,10.0,Moderate
2026-10-05 13:00:00,2026-10-06 03:00:00,14,70.27153015136719,26.6,89.0,0.0,10.1,Moderate
2026-10-05 13:00:00,2026-10-06 04:00:00,15,70.47779083251953,26.4,90.0,0.0,8.3,Moderate
2026-10-05 13:00:00,2026-10-06 05:00:00,16,70.816162109375,26.5,89.0,0.0,8.6,Moderate
2026-10-05 13:00:00,2026-10-06 06:00:00,17,70.91053009033203,26.4,89.0,0.0,9.4,Moderate
2026-10-05 13:00:00,2026-10-06 07:00:00,18,71.2318344116211,26.6,89.0,0.0,9.2,Moderate
2026-10-05 13:00:00,2026-10-06 08:00:00,19,72.1395492553711,27.8,81.0,0.0,9.5,Moderate
2026-10-05 13:00:00,2026-10-06 09:00:00,20,72.66695404052734,29.0,74.0,0.0,10.1,Moderate
2026-10-05 13:00:00,2026-10-06 10:00:00,21,73.84486389160156,29.9,69.0,0.0,10.4,Moderate
2026-10-05 13:00:00,2026-10-06 11:00:00,22,75.66707611083984,30.2,67.0,0.1,10.5,Moderate
2026-10-05 13:00:00,2026-10-06 12:00:00,23,75.38829040527344,29.7,72.0,0.4,12.3,Moderate
2026-10-05 13:00:00,2026-10-06 13:00:00,24,74.70635986328125,29.7,72.0,0.3,13.1,Moderate
2026-10-05 13:00:00,2026-10-06 14:00:00,25,75.18901824951172,29.7,73.0,0.1,13.8,Moderate
2026-10-05 13:00:00,2026-10-06 15:00:00,26,75.00786590576172,29.8,73.0,0.0,14.4,Moderate
2026-10-05 13:00:00,2026-10-06 16:00:00,27,75.51679229736328,29.4,75.0,0.0,13.2,Moderate
2026-10-05 13:00:00,2026-10-06 17:00:00,28,76.3271713256836,28.8,77.0,0.1,12.8,Moderate
2026-10-05 13:00:00,2026-10-06 18:00:00,29,76.88309478759766,28.2,80.0,0.1,12.7,Moderate
2026-10-05 13:00:00,2026-10-06 19:00:00,30,78.20145416259766,27.9,81.0,0.1,12.0,Moderate
2026-10-05 13:00:00,2026-10-06 20:00:00,31,78.27677917480469,27.8,83.0,0.2,12.5,Moderate
2026-10-05 13:00:00,2026-10-06 21:00:00,32,79.14058685302734,27.6,85.0,0.0,11.3,Moderate
2026-10-05 13:00:00,2026-10-06 22:00:00,33,77.65927124023438,27.4,86.0,0.0,9.4,Moderate
2026-10-05 13:00:00,2026-10-06 23:00:00,34,77.56940460205078,27.2,87.0,0.0,8.0,Moderate
2026-10-05 13:00:00,2026-10-07 00:00:00,35,74.9832992553711,27.0,88.0,0.0,6.5,Moderate
2026-10-05 13:00:00,2026-10-07 01:00:00,36,74.57015991210938,26.7,89.0,0.0,6.0,Moderate
2026-10-05 13:00:00,2026-10-07 02:00:00,37,74.81953430175781,26.4,91.0,0.0,5.2,Moderate
2026-10-05 13:00:00,2026-10-07 03:00:00,38,73.5655517578125,26.3,93.0,0.0,4.4,Moderate
2026-10-05 13:00:00,2026-10-07 04:00:00,39,74.65178680419922,26.2,93.0,0.0,4.9,Moderate
2026-10-05 13:00:00,2026-10-07 05:00:00,40,76.63340759277344,26.2,93.0,0.0,6.1,Moderate
2026-10-05 13:00:00,2026-10-07 06:00:00,41,78.54151153564453,26.2,92.0,0.0,6.8,Moderate
2026-10-05 13:00:00,2026-10-07 07:00:00,42,80.57913970947266,26.6,90.0,0.0,6.5,Moderate
2026-10-05 13:00:00,2026-10-07 08:00:00,43,81.4295425415039,27.3,85.0,0.0,8.3,Moderate
2026-10-05 13:00:00,2026-10-07 09:00:00,44,82.28152465820312,28.4,78.0,0.2,10.2,Moderate
2026-10-05 13:00:00,2026-10-07 10:00:00,45,80.90260314941406,29.2,72.0,0.4,11.7,Moderate
2026-10-05 13:00:00,2026-10-07 11:00:00,46,80.81465911865234,29.0,75.0,0.3,12.6,Moderate
2026-10-05 13:00:00,2026-10-07 12:00:00,47,81.04573059082031,29.4,74.0,0.0,13.1,Moderate
2026-10-05 13:00:00,2026-10-07 13:00:00,48,82.021728515625,29.9,72.0,0.0,13.7,Moderate
2026-10-05 13:00:00,2026-10-07 14:00:00,49,81.67080688476562,29.9,71.0,0.0,13.6,Moderate
2026-10-05 13:00:00,2026-10-07 15:00:00,50,82.46366882324219,29.7,72.0,0.0,12.6,Moderate
2026-10-05 13:00:00,2026-10-07 16:00:00,51,83.18264770507812,29.2,74.0,0.0,11.2,Moderate
2026-10-05 13:00:00,2026-10-07 17:00:00,52,83.63450622558594,28.7,75.0,0.0,9.1,Moderate
2026-10-05 13:00:00,2026-10-07 18:00:00,53,86.64590454101562,28.2,78.0,0.0,9.9,Moderate
2026-10-05 13:00:00,2026-10-07 19:00:00,54,85.7452163696289,27.6,81.0,0.0,9.0,Moderate
2026-10-05 13:00:00,2026-10-07 20:00:00,55,86.55596923828125,27.3,82.0,0.0,7.6,Moderate
2026-10-05 13:00:00,2026-10-07 21:00:00,56,86.13336944580078,27.2,84.0,0.0,6.6,Moderate
2026-10-05 13:00:00,2026-10-07 22:00:00,57,86.74378204345703,26.9,85.0,0.0,5.2,Moderate
2026-10-05 13:00:00,2026-10-07 23:00:00,58,85.9959487915039,26.8,86.0,0.0,5.4,Moderate
2026-10-05 13:00:00,2026-10-08 00:00:00,59,83.47782897949219,26.5,88.0,0.0,4.8,Moderate
2026-10-05 13:00:00,2026-10-08 01:00:00,60,84.5578384399414,26.1,90.0,0.0,4.9,Moderate
2026-10-05 13:00:00,2026-10-08 02:00:00,61,84.77017211914062,25.7,92.0,0.0,5.2,Moderate
2026-10-05 13:00:00,2026-10-08 03:00:00,62,85.70433807373047,25.3,94.0,0.0,5.2,Moderate
2026-10-05 13:00:00,2026-10-08 04:00:00,63,86.0765151977539,25.0,96.0,0.0,4.5,Moderate
2026-10-05 13:00:00,2026-10-08 05:00:00,64,86.64839935302734,24.7,97.0,0.0,3.6,Moderate
2026-10-05 13:00:00,2026-10-08 06:00:00,65,86.59678649902344,24.5,97.0,0.0,2.9,Moderate
2026-10-05 13:00:00,2026-10-08 07:00:00,66,87.15259552001953,24.7,97.0,0.0,2.9,Moderate
2026-10-05 13:00:00,2026-10-08 08:00:00,67,85.0778579711914,26.0,90.0,0.0,2.7,Moderate
2026-10-05 13:00:00,2026-10-08 09:00:00,68,85.9263687133789,28.1,76.0,0.0,6.7,Moderate
2026-10-05 13:00:00,2026-10-08 10:00:00,69,87.2397232055664,29.4,68.0,0.0,8.7,Moderate
2026-10-05 13:00:00,2026-10-08 11:00:00,70,88.46177673339844,30.0,63.0,0.0,10.8,Moderate
2026-10-05 13:00:00,2026-10-08 12:00:00,71,88.42759704589844,30.5,60.0,0.0,12.3,Moderate
2026-10-05 13:00:00,2026-10-08 13:00:00,72,87.3998031616211,30.6,61.0,0.0,13.3,Moderate
